"computed:itemid","computed:locale","computed:locale:vat","og:title","og:description","og:url","og:locale","product:availability","product:price:amount","product:price:currency","computed:price","computed:price:novat","computed:currency","computed:currency:rate"
"21324","Canada","0","123 Sesame Street 21324 | Ideas | Buy online at the Official LEGO® Shop CA","Buildable LEGO® Sesame Street model with 6 iconic characters","https://www.lego.com/en-ca/product/123-sesame-street-21324","en_CA","in stock","149.99","CAD","115.83","115.83","USD","0.7722"
"21324","Mexico","0","123 Sesame Street 21324 | Ideas | Buy online at the Official LEGO® Shop MX","Buildable LEGO® Sesame Street model with 6 iconic characters","https://www.lego.com/en-mx/product/123-sesame-street-21324","en_MX","in stock","2499","MXN","124.28","124.28","USD","0.0497"
"21324","United States","0","123 Sesame Street 21324 | Ideas | Buy online at the Official LEGO® Shop US","Buildable LEGO® Sesame Street model with 6 iconic characters","https://www.lego.com/en-us/product/123-sesame-street-21324","en_US","in stock","119.99","USD","119.99","119.99","USD","1.0000"
"21324","Belgium","0.21","123 Sesame Street 21324 | Ideas | Buy online at the Official LEGO® Shop BE","Buildable LEGO® Sesame Street model with 6 iconic characters","https://www.lego.com/en-be/product/123-sesame-street-21324","en_BE","in stock","119.99","EUR","142.58","117.83","USD","1.1883"
"21324","Czech Republic","0.21","123 Sesame Street 21324 | Ideas | Buy online at the Official LEGO® Shop CZ","Buildable LEGO® Sesame Street model with 6 iconic characters","https://www.lego.com/en-cz/product/123-sesame-street-21324","en_CZ","in stock","3199","CZK","143.58","118.66","USD","0.0449"
"21324","Denmark","0.25","123 Sesame Street 21324 | Ideas | Buy online at the Official LEGO® Shop DK","Buildable LEGO® Sesame Street model with 6 iconic characters","https://www.lego.com/en-dk/product/123-sesame-street-21324","en_DK","in stock","1099","DKK","175.35","140.28","USD","0.1596"
"21324","Germany","0.19","123 Sesame Street 21324 | Ideas | Buy online at the Official LEGO® Shop DE","Buildable LEGO® Sesame Street model with 6 iconic characters","https://www.lego.com/en-de/product/123-sesame-street-21324","en_DE","in stock","116.97","EUR","139.00","116.81","USD","1.1883"
"21324","Estonia","0.2","123 Sesame Street 21324 | Ideas | Buy online at the Official LEGO® Shop EE","Buildable LEGO® Sesame Street model with 6 iconic characters","https://www.lego.com/en-ee/product/123-sesame-street-21324","en_EE","in stock","129.99","EUR","154.47","128.73","USD","1.1883"
"21324","Spain","0.21","123 Sesame Street 21324 | Ideas | Buy online at the Official LEGO® Shop ES","Buildable LEGO® Sesame Street model with 6 iconic characters","https://www.lego.com/en-es/product/123-sesame-street-21324","en_ES","in stock","119.99","EUR","142.58","117.83","USD","1.1883"
"21324","Finland","0.24","123 Sesame Street 21324 | Ideas | Buy online at the Official LEGO® Shop FI","Buildable LEGO® Sesame Street model with 6 iconic characters","https://www.lego.com/en-fi/product/123-sesame-street-21324","en_FI","in stock","149.95","EUR","178.19","143.70","USD","1.1883"
"21324","France","0.2","123 Sesame Street 21324 | Ideas | Buy online at the Official LEGO® Shop FR","Buildable LEGO® Sesame Street model with 6 iconic characters","https://www.lego.com/en-fr/product/123-sesame-street-21324","en_FR","in stock","119.99","EUR","142.58","118.82","USD","1.1883"
"21324","Greece","0.24","123 Sesame Street 21324 | Ideas | Buy online at the Official LEGO® Shop GR","Buildable LEGO® Sesame Street model with 6 iconic characters","https://www.lego.com/en-gr/product/123-sesame-street-21324","en_GR","in stock","129.99","EUR","154.47","124.57","USD","1.1883"
"21324","Hungary","0.27","123 Sesame Street 21324 | Ideas | Buy online at the Official LEGO® Shop HU","Buildable LEGO® Sesame Street model with 6 iconic characters","https://www.lego.com/en-hu/product/123-sesame-street-21324","en_HU","in stock","39990","HUF","133.12","104.82","USD","0.0033"
"21324","Ireland","0.23","123 Sesame Street 21324 | Ideas | Buy online at the Official LEGO® Shop IE","Buildable LEGO® Sesame Street model with 6 iconic characters","https://www.lego.com/en-ie/product/123-sesame-street-21324","en_IE","in stock","118.04","EUR","140.27","114.04","USD","1.1883"
"21324","Italy","0.22","123 Sesame Street 21324 | Ideas | Buy online at the Official LEGO® Shop IT","Buildable LEGO® Sesame Street model with 6 iconic characters","https://www.lego.com/en-it/product/123-sesame-street-21324","en_IT","in stock","119.99","EUR","142.58","116.87","USD","1.1883"
"21324","Latvia","0.21","123 Sesame Street 21324 | Ideas | Buy online at the Official LEGO® Shop LV","Buildable LEGO® Sesame Street model with 6 iconic characters","https://www.lego.com/en-lv/product/123-sesame-street-21324","en_LV","in stock","129.99","EUR","154.47","127.66","USD","1.1883"
"21324","Lithuania","0.21","123 Sesame Street 21324 | Ideas | Buy online at the Official LEGO® Shop LT","Buildable LEGO® Sesame Street model with 6 iconic characters","https://www.lego.com/en-lt/product/123-sesame-street-21324","en_LT","in stock","129.99","EUR","154.47","127.66","USD","1.1883"
"21324","Luxemburg","0.17","123 Sesame Street 21324 | Ideas | Buy online at the Official LEGO® Shop LU","Buildable LEGO® Sesame Street model with 6 iconic characters","https://www.lego.com/en-lu/product/123-sesame-street-21324","en_LU","in stock","119.99","EUR","142.58","121.86","USD","1.1883"
"21324","Netherlands","0.21","123 Sesame Street 21324 | Ideas | Buy online at the Official LEGO® Shop NL","Buildable LEGO® Sesame Street model with 6 iconic characters","https://www.lego.com/en-nl/product/123-sesame-street-21324","en_NL","in stock","119.99","EUR","142.58","117.83","USD","1.1883"
"21324","Norway","0.25","123 Sesame Street 21324 | Ideas | Buy online at the Official LEGO® Shop NO","Buildable LEGO® Sesame Street model with 6 iconic characters","https://www.lego.com/en-no/product/123-sesame-street-21324","en_NO","in stock","1449","NOK","160.77","128.62","USD","0.1110"
"21324","Austria","0.2","123 Sesame Street 21324 | Ideas | Buy online at the Official LEGO® Shop AT","Buildable LEGO® Sesame Street model with 6 iconic characters","https://www.lego.com/en-at/product/123-sesame-street-21324","en_AT","in stock","119.99","EUR","142.58","118.82","USD","1.1883"
"21324","Poland","0.23","123 Sesame Street 21324 | Ideas | Buy online at the Official LEGO® Shop PL","Buildable LEGO® Sesame Street model with 6 iconic characters","https://www.lego.com/en-pl/product/123-sesame-street-21324","en_PL","in stock","549.99","PLN","146.31","118.95","USD","0.2660"
"21324","Portugal","0.23","123 Sesame Street 21324 | Ideas | Buy online at the Official LEGO® Shop PT","Buildable LEGO® Sesame Street model with 6 iconic characters","https://www.lego.com/en-pt/product/123-sesame-street-21324","en_PT","in stock","119.99","EUR","142.58","115.92","USD","1.1883"
"21324","Switzerland","0.077","123 Sesame Street 21324 | Ideas | Buy online at the Official LEGO® Shop CH","Buildable LEGO® Sesame Street model with 6 iconic characters","https://www.lego.com/en-ch/product/123-sesame-street-21324","en_CH","in stock","139","CHF","153.25","142.29","USD","1.1025"
"21324","Slovenia","0.22","123 Sesame Street 21324 | Ideas | Buy online at the Official LEGO® Shop SI","Buildable LEGO® Sesame Street model with 6 iconic characters","https://www.lego.com/en-si/product/123-sesame-street-21324","en_SI","in stock","119.99","EUR","142.58","116.87","USD","1.1883"
"21324","Slovakia","0.2","123 Sesame Street 21324 | Ideas | Buy online at the Official LEGO® Shop SK","Buildable LEGO® Sesame Street model with 6 iconic characters","https://www.lego.com/en-sk/product/123-sesame-street-21324","en_SK","in stock","119.99","EUR","142.58","118.82","USD","1.1883"
"21324","Sweden","0.25","123 Sesame Street 21324 | Ideas | Buy online at the Official LEGO® Shop SE","Buildable LEGO® Sesame Street model with 6 iconic characters","https://www.lego.com/en-se/product/123-sesame-street-21324","en_SE","in stock","1499","SEK","174.68","139.74","USD","0.1165"
"21324","United Kingdom","0.2","123 Sesame Street 21324 | Ideas | Buy online at the Official LEGO® Shop GB","Buildable LEGO® Sesame Street model with 6 iconic characters","https://www.lego.com/en-gb/product/123-sesame-street-21324","en_GB","in stock","109.99","GBP","144.86","120.72","USD","1.3171"
"21324","Australia","0","123 Sesame Street 21324 | Ideas | Buy online at the Official LEGO® Shop AU","Buildable LEGO® Sesame Street model with 6 iconic characters","https://www.lego.com/en-au/product/123-sesame-street-21324","en_AU","out of stock","199.99","AUD","146.39","146.39","USD","0.7320"
"21324","New Zealand","0","123 Sesame Street 21324 | Ideas | Buy online at the Official LEGO® Shop NZ","Buildable LEGO® Sesame Street model with 6 iconic characters","https://www.lego.com/en-nz/product/123-sesame-street-21324","en_NZ","out of stock","219.99","NZD","150.43","150.43","USD","0.6838"
"21324","Korea","0","세서미 스트리트 21324 | 아이디어 | LEGO® Shop KR","6개의 인상적인 캐릭터가 들어 있는 조립식 레고® 세서미 스트리트 모델","https://www.lego.com/ko-kr/product/123-sesame-street-21324","ko_KR","out of stock","169900","KRW","152.78","152.78","USD","0.0009"
"60197","Canada","0","Passenger Train 60197 | City | Buy online at the Official LEGO® Shop CA","Travel around LEGO® City in the comfortable Passenger Train!","https://www.lego.com/en-ca/product/passenger-train-60197","en_CA","in stock","199.99","CAD","154.44","154.44","USD","0.7722"
"60197","Mexico","0","Passenger Train 60197 | City | Buy online at the Official LEGO® Shop MX","Travel around LEGO® City in the comfortable Passenger Train!","https://www.lego.com/en-mx/product/passenger-train-60197","en_MX","in stock","3399","MXN","169.03","169.03","USD","0.0497"
"60197","United States","0","Passenger Train 60197 | City | Buy online at the Official LEGO® Shop US","Travel around LEGO® City in the comfortable Passenger Train!","https://www.lego.com/en-us/product/passenger-train-60197","en_US","in stock","159.99","USD","159.99","159.99","USD","1.0000"
"60197","Belgium","0.21","Passenger Train 60197 | City | Buy online at the Official LEGO® Shop BE","Travel around LEGO® City in the comfortable Passenger Train!","https://www.lego.com/en-be/product/passenger-train-60197","en_BE","in stock","129.99","EUR","154.47","127.66","USD","1.1883"
"60197","Czech Republic","0.21","Passenger Train 60197 | City | Buy online at the Official LEGO® Shop CZ","Travel around LEGO® City in the comfortable Passenger Train!","https://www.lego.com/en-cz/product/passenger-train-60197","en_CZ","in stock","3399","CZK","152.56","126.08","USD","0.0449"
"60197","Denmark","0.25","Passenger Train 60197 | City | Buy online at the Official LEGO® Shop DK","Travel around LEGO® City in the comfortable Passenger Train!","https://www.lego.com/en-dk/product/passenger-train-60197","en_DK","in stock","1099","DKK","175.35","140.28","USD","0.1596"
"60197","Germany","0.19","Passenger Train 60197 | City | Buy online at the Official LEGO® Shop DE","Travel around LEGO® City in the comfortable Passenger Train!","https://www.lego.com/en-de/product/passenger-train-60197","en_DE","in stock","126.71","EUR","150.57","126.53","USD","1.1883"
"60197","Estonia","0.2","Passenger Train 60197 | City | Buy online at the Official LEGO® Shop EE","Travel around LEGO® City in the comfortable Passenger Train!","https://www.lego.com/en-ee/product/passenger-train-60197","en_EE","in stock","159.99","EUR","190.12","158.43","USD","1.1883"
"60197","Spain","0.21","Passenger Train 60197 | City | Buy online at the Official LEGO® Shop ES","Travel around LEGO® City in the comfortable Passenger Train!","https://www.lego.com/en-es/product/passenger-train-60197","en_ES","in stock","139.99","EUR","166.35","137.48","USD","1.1883"
"60197","Finland","0.24","Passenger Train 60197 | City | Buy online at the Official LEGO® Shop FI","Travel around LEGO® City in the comfortable Passenger Train!","https://www.lego.com/en-fi/product/passenger-train-60197","en_FI","in stock","149.95","EUR","178.19","143.70","USD","1.1883"
"60197","France","0.2","Passenger Train 60197 | City | Buy online at the Official LEGO® Shop FR","Travel around LEGO® City in the comfortable Passenger Train!","https://www.lego.com/en-fr/product/passenger-train-60197","en_FR","in stock","139.99","EUR","166.35","138.63","USD","1.1883"
"60197","Greece","0.24","Passenger Train 60197 | City | Buy online at the Official LEGO® Shop GR","Travel around LEGO® City in the comfortable Passenger Train!","https://www.lego.com/en-gr/product/passenger-train-60197","en_GR","in stock","149.99","EUR","178.23","143.73","USD","1.1883"
"60197","Hungary","0.27","Passenger Train 60197 | City | Buy online at the Official LEGO® Shop HU","Travel around LEGO® City in the comfortable Passenger Train!","https://www.lego.com/en-hu/product/passenger-train-60197","en_HU","in stock","42990","HUF","143.10","112.68","USD","0.0033"
"60197","Ireland","0.23","Passenger Train 60197 | City | Buy online at the Official LEGO® Shop IE","Travel around LEGO® City in the comfortable Passenger Train!","https://www.lego.com/en-ie/product/passenger-train-60197","en_IE","in stock","127.88","EUR","151.96","123.54","USD","1.1883"
"60197","Italy","0.22","Passenger Train 60197 | City | Buy online at the Official LEGO® Shop IT","Travel around LEGO® City in the comfortable Passenger Train!","https://www.lego.com/en-it/product/passenger-train-60197","en_IT","in stock","129.99","EUR","154.47","126.61","USD","1.1883"
"60197","Latvia","0.21","Passenger Train 60197 | City | Buy online at the Official LEGO® Shop LV","Travel around LEGO® City in the comfortable Passenger Train!","https://www.lego.com/en-lv/product/passenger-train-60197","en_LV","in stock","159.99","EUR","190.12","157.12","USD","1.1883"
"60197","Lithuania","0.21","Passenger Train 60197 | City | Buy online at the Official LEGO® Shop LT","Travel around LEGO® City in the comfortable Passenger Train!","https://www.lego.com/en-lt/product/passenger-train-60197","en_LT","in stock","159.99","EUR","190.12","157.12","USD","1.1883"
"60197","Luxemburg","0.17","Passenger Train 60197 | City | Buy online at the Official LEGO® Shop LU","Travel around LEGO® City in the comfortable Passenger Train!","https://www.lego.com/en-lu/product/passenger-train-60197","en_LU","in stock","129.99","EUR","154.47","132.03","USD","1.1883"
"60197","Netherlands","0.21","Passenger Train 60197 | City | Buy online at the Official LEGO® Shop NL","Travel around LEGO® City in the comfortable Passenger Train!","https://www.lego.com/en-nl/product/passenger-train-60197","en_NL","in stock","129.99","EUR","154.47","127.66","USD","1.1883"
"60197","Norway","0.25","Passenger Train 60197 | City | Buy online at the Official LEGO® Shop NO","Travel around LEGO® City in the comfortable Passenger Train!","https://www.lego.com/en-no/product/passenger-train-60197","en_NO","in stock","1579","NOK","175.19","140.15","USD","0.1110"
"60197","Austria","0.2","Passenger Train 60197 | City | Buy online at the Official LEGO® Shop AT","Travel around LEGO® City in the comfortable Passenger Train!","https://www.lego.com/en-at/product/passenger-train-60197","en_AT","in stock","129.99","EUR","154.47","128.73","USD","1.1883"
"60197","Poland","0.23","Passenger Train 60197 | City | Buy online at the Official LEGO® Shop PL","Travel around LEGO® City in the comfortable Passenger Train!","https://www.lego.com/en-pl/product/passenger-train-60197","en_PL","in stock","549.99","PLN","146.31","118.95","USD","0.2660"
"60197","Portugal","0.23","Passenger Train 60197 | City | Buy online at the Official LEGO® Shop PT","Travel around LEGO® City in the comfortable Passenger Train!","https://www.lego.com/en-pt/product/passenger-train-60197","en_PT","in stock","139.99","EUR","166.35","135.24","USD","1.1883"
"60197","Switzerland","0.077","Passenger Train 60197 | City | Buy online at the Official LEGO® Shop CH","Travel around LEGO® City in the comfortable Passenger Train!","https://www.lego.com/en-ch/product/passenger-train-60197","en_CH","in stock","159","CHF","175.30","162.77","USD","1.1025"
"60197","Slovenia","0.22","Passenger Train 60197 | City | Buy online at the Official LEGO® Shop SI","Travel around LEGO® City in the comfortable Passenger Train!","https://www.lego.com/en-si/product/passenger-train-60197","en_SI","in stock","139.99","EUR","166.35","136.35","USD","1.1883"
"60197","Slovakia","0.2","Passenger Train 60197 | City | Buy online at the Official LEGO® Shop SK","Travel around LEGO® City in the comfortable Passenger Train!","https://www.lego.com/en-sk/product/passenger-train-60197","en_SK","in stock","129.99","EUR","154.47","128.73","USD","1.1883"
"60197","Sweden","0.25","Passenger Train 60197 | City | Buy online at the Official LEGO® Shop SE","Travel around LEGO® City in the comfortable Passenger Train!","https://www.lego.com/en-se/product/passenger-train-60197","en_SE","in stock","1579","SEK","184.01","147.21","USD","0.1165"
"60197","United Kingdom","0.2","Passenger Train 60197 | City | Buy online at the Official LEGO® Shop GB","Travel around LEGO® City in the comfortable Passenger Train!","https://www.lego.com/en-gb/product/passenger-train-60197","en_GB","in stock","119.99","GBP","158.03","131.69","USD","1.3171"
"60197","Australia","0","Passenger Train 60197 | City | Buy online at the Official LEGO® Shop AU","Travel around LEGO® City in the comfortable Passenger Train!","https://www.lego.com/en-au/product/passenger-train-60197","en_AU","in stock","199.99","AUD","146.39","146.39","USD","0.7320"
"60197","New Zealand","0","Passenger Train 60197 | City | Buy online at the Official LEGO® Shop NZ","Travel around LEGO® City in the comfortable Passenger Train!","https://www.lego.com/en-nz/product/passenger-train-60197","en_NZ","in stock","249.99","NZD","170.94","170.94","USD","0.6838"
"60197","Korea","0","여객 열차 60197 | 시티 | LEGO® Shop KR","편안한 열차에 탑승하여 레고® 시티 곳곳을 여행하세요!","https://www.lego.com/ko-kr/product/passenger-train-60197","ko_KR","in stock","199900","KRW","179.76","179.76","USD","0.0009"
"75318","Canada","0","The Child 75318 | Star Wars™ | Buy online at the Official LEGO® Shop CA","Cute, collectible, buildable model of the Child for display!","https://www.lego.com/en-ca/product/the-child-75318","en_CA","out of stock","99.99","CAD","77.21","77.21","USD","0.7722"
"75318","Mexico","0","The Child 75318 | Star Wars™ | Buy online at the Official LEGO® Shop MX","Cute, collectible, buildable model of the Child for display!","https://www.lego.com/en-mx/product/the-child-75318","en_MX","out of stock","1599","MXN","79.52","79.52","USD","0.0497"
"75318","United States","0","The Child 75318 | Star Wars™ | Buy online at the Official LEGO® Shop US","Cute, collectible, buildable model of the Child for display!","https://www.lego.com/en-us/product/the-child-75318","en_US","out of stock","79.99","USD","79.99","79.99","USD","1.0000"
"75318","Belgium","0.21","The Child 75318 | Star Wars™ | Buy online at the Official LEGO® Shop BE","Cute, collectible, buildable model of the Child for display!","https://www.lego.com/en-be/product/the-child-75318","en_BE","in stock","79.99","EUR","95.05","78.55","USD","1.1883"
"75318","Czech Republic","0.21","The Child 75318 | Star Wars™ | Buy online at the Official LEGO® Shop CZ","Cute, collectible, buildable model of the Child for display!","https://www.lego.com/en-cz/product/the-child-75318","en_CZ","in stock","1999","CZK","89.72","74.15","USD","0.0449"
"75318","Denmark","0.25","The Child 75318 | Star Wars™ | Buy online at the Official LEGO® Shop DK","Cute, collectible, buildable model of the Child for display!","https://www.lego.com/en-dk/product/the-child-75318","en_DK","in stock","749","DKK","119.51","95.61","USD","0.1596"
"75318","Germany","0.19","The Child 75318 | Star Wars™ | Buy online at the Official LEGO® Shop DE","Cute, collectible, buildable model of the Child for display!","https://www.lego.com/en-de/product/the-child-75318","en_DE","in stock","77.97","EUR","92.65","77.86","USD","1.1883"
"75318","Estonia","0.2","The Child 75318 | Star Wars™ | Buy online at the Official LEGO® Shop EE","Cute, collectible, buildable model of the Child for display!","https://www.lego.com/en-ee/product/the-child-75318","en_EE","in stock","99.99","EUR","118.82","99.02","USD","1.1883"
"75318","Spain","0.21","The Child 75318 | Star Wars™ | Buy online at the Official LEGO® Shop ES","Cute, collectible, buildable model of the Child for display!","https://www.lego.com/en-es/product/the-child-75318","en_ES","in stock","89.99","EUR","106.94","88.38","USD","1.1883"
"75318","Finland","0.24","The Child 75318 | Star Wars™ | Buy online at the Official LEGO® Shop FI","Cute, collectible, buildable model of the Child for display!","https://www.lego.com/en-fi/product/the-child-75318","en_FI","in stock","99.95","EUR","118.77","95.78","USD","1.1883"
"75318","France","0.2","The Child 75318 | Star Wars™ | Buy online at the Official LEGO® Shop FR","Cute, collectible, buildable model of the Child for display!","https://www.lego.com/en-fr/product/the-child-75318","en_FR","in stock","84.99","EUR","100.99","84.16","USD","1.1883"
"75318","Greece","0.24","The Child 75318 | Star Wars™ | Buy online at the Official LEGO® Shop GR","Cute, collectible, buildable model of the Child for display!","https://www.lego.com/en-gr/product/the-child-75318","en_GR","in stock","99.99","EUR","118.82","95.82","USD","1.1883"
"75318","Hungary","0.27","The Child 75318 | Star Wars™ | Buy online at the Official LEGO® Shop HU","Cute, collectible, buildable model of the Child for display!","https://www.lego.com/en-hu/product/the-child-75318","en_HU","in stock","26990","HUF","89.84","70.74","USD","0.0033"
"75318","Ireland","0.23","The Child 75318 | Star Wars™ | Buy online at the Official LEGO® Shop IE","Cute, collectible, buildable model of the Child for display!","https://www.lego.com/en-ie/product/the-child-75318","en_IE","in stock","78.69","EUR","93.51","76.02","USD","1.1883"
"75318","Italy","0.22","The Child 75318 | Star Wars™ | Buy online at the Official LEGO® Shop IT","Cute, collectible, buildable model of the Child for display!","https://www.lego.com/en-it/product/the-child-75318","en_IT","in stock","84.99","EUR","100.99","82.78","USD","1.1883"
"75318","Latvia","0.21","The Child 75318 | Star Wars™ | Buy online at the Official LEGO® Shop LV","Cute, collectible, buildable model of the Child for display!","https://www.lego.com/en-lv/product/the-child-75318","en_LV","in stock","99.99","EUR","118.82","98.20","USD","1.1883"
"75318","Lithuania","0.21","The Child 75318 | Star Wars™ | Buy online at the Official LEGO® Shop LT","Cute, collectible, buildable model of the Child for display!","https://www.lego.com/en-lt/product/the-child-75318","en_LT","in stock","99.99","EUR","118.82","98.20","USD","1.1883"
"75318","Luxemburg","0.17","The Child 75318 | Star Wars™ | Buy online at the Official LEGO® Shop LU","Cute, collectible, buildable model of the Child for display!","https://www.lego.com/en-lu/product/the-child-75318","en_LU","in stock","79.99","EUR","95.05","81.24","USD","1.1883"
"75318","Netherlands","0.21","The Child 75318 | Star Wars™ | Buy online at the Official LEGO® Shop NL","Cute, collectible, buildable model of the Child for display!","https://www.lego.com/en-nl/product/the-child-75318","en_NL","in stock","79.99","EUR","95.05","78.55","USD","1.1883"
"75318","Norway","0.25","The Child 75318 | Star Wars™ | Buy online at the Official LEGO® Shop NO","Cute, collectible, buildable model of the Child for display!","https://www.lego.com/en-no/product/the-child-75318","en_NO","in stock","949","NOK","105.29","84.23","USD","0.1110"
"75318","Austria","0.2","The Child 75318 | Star Wars™ | Buy online at the Official LEGO® Shop AT","Cute, collectible, buildable model of the Child for display!","https://www.lego.com/en-at/product/the-child-75318","en_AT","in stock","79.99","EUR","95.05","79.21","USD","1.1883"
"75318","Poland","0.23","The Child 75318 | Star Wars™ | Buy online at the Official LEGO® Shop PL","Cute, collectible, buildable model of the Child for display!","https://www.lego.com/en-pl/product/the-child-75318","en_PL","in stock","379.99","PLN","101.08","82.18","USD","0.2660"
"75318","Portugal","0.23","The Child 75318 | Star Wars™ | Buy online at the Official LEGO® Shop PT","Cute, collectible, buildable model of the Child for display!","https://www.lego.com/en-pt/product/the-child-75318","en_PT","in stock","89.99","EUR","106.94","86.94","USD","1.1883"
"75318","Switzerland","0.077","The Child 75318 | Star Wars™ | Buy online at the Official LEGO® Shop CH","Cute, collectible, buildable model of the Child for display!","https://www.lego.com/en-ch/product/the-child-75318","en_CH","in stock","109","CHF","120.18","111.59","USD","1.1025"
"75318","Slovenia","0.22","The Child 75318 | Star Wars™ | Buy online at the Official LEGO® Shop SI","Cute, collectible, buildable model of the Child for display!","https://www.lego.com/en-si/product/the-child-75318","en_SI","in stock","89.99","EUR","106.94","87.66","USD","1.1883"
"75318","Slovakia","0.2","The Child 75318 | Star Wars™ | Buy online at the Official LEGO® Shop SK","Cute, collectible, buildable model of the Child for display!","https://www.lego.com/en-sk/product/the-child-75318","en_SK","in stock","79.99","EUR","95.05","79.21","USD","1.1883"
"75318","Sweden","0.25","The Child 75318 | Star Wars™ | Buy online at the Official LEGO® Shop SE","Cute, collectible, buildable model of the Child for display!","https://www.lego.com/en-se/product/the-child-75318","en_SE","in stock","999","SEK","116.42","93.14","USD","0.1165"
"75318","United Kingdom","0.2","The Child 75318 | Star Wars™ | Buy online at the Official LEGO® Shop GB","Cute, collectible, buildable model of the Child for display!","https://www.lego.com/en-gb/product/the-child-75318","en_GB","in stock","69.99","GBP","92.18","76.82","USD","1.3171"
"75318","Australia","0","The Child 75318 | Star Wars™ | Buy online at the Official LEGO® Shop AU","Cute, collectible, buildable model of the Child for display!","https://www.lego.com/en-au/product/the-child-75318","en_AU","in stock","119.99","AUD","87.83","87.83","USD","0.7320"
"75318","New Zealand","0","The Child 75318 | Star Wars™ | Buy online at the Official LEGO® Shop NZ","Cute, collectible, buildable model of the Child for display!","https://www.lego.com/en-nz/product/the-child-75318","en_NZ","in stock","129.99","NZD","88.89","88.89","USD","0.6838"
"75318","Korea","0","더 차일드 75318 | 스타워즈™ | LEGO® Shop KR","베이비 요다의 모습을 소장용 모델로 조립하고 멋지게 전시해보세요!","https://www.lego.com/ko-kr/product/the-child-75318","ko_KR","out of stock","119900","KRW","107.82","107.82","USD","0.0009"
"75978","Canada","0","Diagon Alley™ 75978 | Harry Potter™ | Buy online at the Official LEGO® Shop CA","Large Diagon Alley™ model, filled with authentic details","https://www.lego.com/en-ca/product/diagon-alley-75978","en_CA","out of stock","499.99","CAD","386.10","386.10","USD","0.7722"
"75978","Mexico","0","Diagon Alley™ 75978 | Harry Potter™ | Buy online at the Official LEGO® Shop MX","Large Diagon Alley™ model, filled with authentic details","https://www.lego.com/en-mx/product/diagon-alley-75978","en_MX","out of stock","8599","MXN","427.63","427.63","USD","0.0497"
"75978","United States","0","Diagon Alley™ 75978 | Harry Potter™ | Buy online at the Official LEGO® Shop US","Large Diagon Alley™ model, filled with authentic details","https://www.lego.com/en-us/product/diagon-alley-75978","en_US","out of stock","399.99","USD","399.99","399.99","USD","1.0000"
"75978","Belgium","0.21","Diagon Alley™ 75978 | Harry Potter™ | Buy online at the Official LEGO® Shop BE","Large Diagon Alley™ model, filled with authentic details","https://www.lego.com/en-be/product/diagon-alley-75978","en_BE","in stock","399.99","EUR","475.31","392.82","USD","1.1883"
"75978","Czech Republic","0.21","Diagon Alley™ 75978 | Harry Potter™ | Buy online at the Official LEGO® Shop CZ","Large Diagon Alley™ model, filled with authentic details","https://www.lego.com/en-cz/product/diagon-alley-75978","en_CZ","in stock","10999","CZK","493.68","408.00","USD","0.0449"
"75978","Denmark","0.25","Diagon Alley™ 75978 | Harry Potter™ | Buy online at the Official LEGO® Shop DK","Large Diagon Alley™ model, filled with authentic details","https://www.lego.com/en-dk/product/diagon-alley-75978","en_DK","in stock","3199","DKK","510.42","408.34","USD","0.1596"
"75978","Germany","0.19","Diagon Alley™ 75978 | Harry Potter™ | Buy online at the Official LEGO® Shop DE","Large Diagon Alley™ model, filled with authentic details","https://www.lego.com/en-de/product/diagon-alley-75978","en_DE","in stock","389.91","EUR","463.33","389.35","USD","1.1883"
"75978","Estonia","0.2","Diagon Alley™ 75978 | Harry Potter™ | Buy online at the Official LEGO® Shop EE","Large Diagon Alley™ model, filled with authentic details","https://www.lego.com/en-ee/product/diagon-alley-75978","en_EE","in stock","399.99","EUR","475.31","396.09","USD","1.1883"
"75978","Spain","0.21","Diagon Alley™ 75978 | Harry Potter™ | Buy online at the Official LEGO® Shop ES","Large Diagon Alley™ model, filled with authentic details","https://www.lego.com/en-es/product/diagon-alley-75978","en_ES","in stock","399.99","EUR","475.31","392.82","USD","1.1883"
"75978","Finland","0.24","Diagon Alley™ 75978 | Harry Potter™ | Buy online at the Official LEGO® Shop FI","Large Diagon Alley™ model, filled with authentic details","https://www.lego.com/en-fi/product/diagon-alley-75978","en_FI","in stock","399.95","EUR","475.26","383.27","USD","1.1883"
"75978","France","0.2","Diagon Alley™ 75978 | Harry Potter™ | Buy online at the Official LEGO® Shop FR","Large Diagon Alley™ model, filled with authentic details","https://www.lego.com/en-fr/product/diagon-alley-75978","en_FR","in stock","399.99","EUR","475.31","396.09","USD","1.1883"
"75978","Greece","0.24","Diagon Alley™ 75978 | Harry Potter™ | Buy online at the Official LEGO® Shop GR","Large Diagon Alley™ model, filled with authentic details","https://www.lego.com/en-gr/product/diagon-alley-75978","en_GR","in stock","399.99","EUR","475.31","383.31","USD","1.1883"
"75978","Hungary","0.27","Diagon Alley™ 75978 | Harry Potter™ | Buy online at the Official LEGO® Shop HU","Large Diagon Alley™ model, filled with authentic details","https://www.lego.com/en-hu/product/diagon-alley-75978","en_HU","in stock","134990","HUF","449.35","353.82","USD","0.0033"
"75978","Ireland","0.23","Diagon Alley™ 75978 | Harry Potter™ | Buy online at the Official LEGO® Shop IE","Large Diagon Alley™ model, filled with authentic details","https://www.lego.com/en-ie/product/diagon-alley-75978","en_IE","in stock","393.49","EUR","467.58","380.15","USD","1.1883"
"75978","Italy","0.22","Diagon Alley™ 75978 | Harry Potter™ | Buy online at the Official LEGO® Shop IT","Large Diagon Alley™ model, filled with authentic details","https://www.lego.com/en-it/product/diagon-alley-75978","en_IT","in stock","399.99","EUR","475.31","389.60","USD","1.1883"
"75978","Latvia","0.21","Diagon Alley™ 75978 | Harry Potter™ | Buy online at the Official LEGO® Shop LV","Large Diagon Alley™ model, filled with authentic details","https://www.lego.com/en-lv/product/diagon-alley-75978","en_LV","in stock","399.99","EUR","475.31","392.82","USD","1.1883"
"75978","Lithuania","0.21","Diagon Alley™ 75978 | Harry Potter™ | Buy online at the Official LEGO® Shop LT","Large Diagon Alley™ model, filled with authentic details","https://www.lego.com/en-lt/product/diagon-alley-75978","en_LT","in stock","399.99","EUR","475.31","392.82","USD","1.1883"
"75978","Luxemburg","0.17","Diagon Alley™ 75978 | Harry Potter™ | Buy online at the Official LEGO® Shop LU","Large Diagon Alley™ model, filled with authentic details","https://www.lego.com/en-lu/product/diagon-alley-75978","en_LU","in stock","399.99","EUR","475.31","406.25","USD","1.1883"
"75978","Netherlands","0.21","Diagon Alley™ 75978 | Harry Potter™ | Buy online at the Official LEGO® Shop NL","Large Diagon Alley™ model, filled with authentic details","https://www.lego.com/en-nl/product/diagon-alley-75978","en_NL","in stock","399.99","EUR","475.31","392.82","USD","1.1883"
"75978","Norway","0.25","Diagon Alley™ 75978 | Harry Potter™ | Buy online at the Official LEGO® Shop NO","Large Diagon Alley™ model, filled with authentic details","https://www.lego.com/en-no/product/diagon-alley-75978","en_NO","in stock","4299","NOK","476.98","381.58","USD","0.1110"
"75978","Austria","0.2","Diagon Alley™ 75978 | Harry Potter™ | Buy online at the Official LEGO® Shop AT","Large Diagon Alley™ model, filled with authentic details","https://www.lego.com/en-at/product/diagon-alley-75978","en_AT","in stock","399.99","EUR","475.31","396.09","USD","1.1883"
"75978","Poland","0.23","Diagon Alley™ 75978 | Harry Potter™ | Buy online at the Official LEGO® Shop PL","Large Diagon Alley™ model, filled with authentic details","https://www.lego.com/en-pl/product/diagon-alley-75978","en_PL","in stock","1800","PLN","478.83","389.29","USD","0.2660"
"75978","Portugal","0.23","Diagon Alley™ 75978 | Harry Potter™ | Buy online at the Official LEGO® Shop PT","Large Diagon Alley™ model, filled with authentic details","https://www.lego.com/en-pt/product/diagon-alley-75978","en_PT","in stock","399.99","EUR","475.31","386.43","USD","1.1883"
"75978","Switzerland","0.077","Diagon Alley™ 75978 | Harry Potter™ | Buy online at the Official LEGO® Shop CH","Large Diagon Alley™ model, filled with authentic details","https://www.lego.com/en-ch/product/diagon-alley-75978","en_CH","in stock","429","CHF","472.98","439.16","USD","1.1025"
"75978","Slovenia","0.22","Diagon Alley™ 75978 | Harry Potter™ | Buy online at the Official LEGO® Shop SI","Large Diagon Alley™ model, filled with authentic details","https://www.lego.com/en-si/product/diagon-alley-75978","en_SI","in stock","399.99","EUR","475.31","389.60","USD","1.1883"
"75978","Slovakia","0.2","Diagon Alley™ 75978 | Harry Potter™ | Buy online at the Official LEGO® Shop SK","Large Diagon Alley™ model, filled with authentic details","https://www.lego.com/en-sk/product/diagon-alley-75978","en_SK","in stock","399.99","EUR","475.31","396.09","USD","1.1883"
"75978","Sweden","0.25","Diagon Alley™ 75978 | Harry Potter™ | Buy online at the Official LEGO® Shop SE","Large Diagon Alley™ model, filled with authentic details","https://www.lego.com/en-se/product/diagon-alley-75978","en_SE","in stock","4499","SEK","524.29","419.43","USD","0.1165"
"75978","United Kingdom","0.2","Diagon Alley™ 75978 | Harry Potter™ | Buy online at the Official LEGO® Shop GB","Large Diagon Alley™ model, filled with authentic details","https://www.lego.com/en-gb/product/diagon-alley-75978","en_GB","in stock","369.99","GBP","487.30","406.08","USD","1.3171"
"75978","Australia","0","Diagon Alley™ 75978 | Harry Potter™ | Buy online at the Official LEGO® Shop AU","Large Diagon Alley™ model, filled with authentic details","https://www.lego.com/en-au/product/diagon-alley-75978","en_AU","in stock","599.99","AUD","439.18","439.18","USD","0.7320"
"75978","New Zealand","0","Diagon Alley™ 75978 | Harry Potter™ | Buy online at the Official LEGO® Shop NZ","Large Diagon Alley™ model, filled with authentic details","https://www.lego.com/en-nz/product/diagon-alley-75978","en_NZ","in stock","699.99","NZD","478.65","478.65","USD","0.6838"
"75978","Korea","0","다이애건 앨리™ 75978 | 해리포터™ | LEGO® Shop KR","사실적인 디테일이 돋보이는 특대형 다이애건 앨리™ 모델","https://www.lego.com/ko-kr/product/diagon-alley-75978","ko_KR","out of stock","499900","KRW","449.54","449.54","USD","0.0009"
"76161","Canada","0","1989 Batwing 76161 | Batman™ | Buy online at the Official LEGO® Shop CA","BATMAN™ fans! A detailed Batwing model to build and display","https://www.lego.com/en-ca/product/1989-batwing-76161","en_CA","in stock","259.99","CAD","200.77","200.77","USD","0.7722"
"76161","Mexico","0","1989 Batwing 76161 | Batman™ | Buy online at the Official LEGO® Shop MX","BATMAN™ fans! A detailed Batwing model to build and display","https://www.lego.com/en-mx/product/1989-batwing-76161","en_MX","in stock","4299","MXN","213.79","213.79","USD","0.0497"
"76161","United States","0","1989 Batwing 76161 | Batman™ | Buy online at the Official LEGO® Shop US","BATMAN™ fans! A detailed Batwing model to build and display","https://www.lego.com/en-us/product/1989-batwing-76161","en_US","in stock","199.99","USD","199.99","199.99","USD","1.0000"
"76161","Belgium","0.21","1989 Batwing 76161 | Batman™ | Buy online at the Official LEGO® Shop BE","BATMAN™ fans! A detailed Batwing model to build and display","https://www.lego.com/en-be/product/1989-batwing-76161","en_BE","out of stock","199.99","EUR","237.65","196.40","USD","1.1883"
"76161","Czech Republic","0.21","1989 Batwing 76161 | Batman™ | Buy online at the Official LEGO® Shop CZ","BATMAN™ fans! A detailed Batwing model to build and display","https://www.lego.com/en-cz/product/1989-batwing-76161","en_CZ","out of stock","5299","CZK","237.84","196.56","USD","0.0449"
"76161","Denmark","0.25","1989 Batwing 76161 | Batman™ | Buy online at the Official LEGO® Shop DK","BATMAN™ fans! A detailed Batwing model to build and display","https://www.lego.com/en-dk/product/1989-batwing-76161","en_DK","out of stock","1599","DKK","255.13","204.10","USD","0.1596"
"76161","Germany","0.19","1989 Batwing 76161 | Batman™ | Buy online at the Official LEGO® Shop DE","BATMAN™ fans! A detailed Batwing model to build and display","https://www.lego.com/en-de/product/1989-batwing-76161","en_DE","out of stock","194.95","EUR","231.66","194.67","USD","1.1883"
"76161","Estonia","0.2","1989 Batwing 76161 | Batman™ | Buy online at the Official LEGO® Shop EE","BATMAN™ fans! A detailed Batwing model to build and display","https://www.lego.com/en-ee/product/1989-batwing-76161","en_EE","out of stock","199.99","EUR","237.65","198.04","USD","1.1883"
"76161","Spain","0.21","1989 Batwing 76161 | Batman™ | Buy online at the Official LEGO® Shop ES","BATMAN™ fans! A detailed Batwing model to build and display","https://www.lego.com/en-es/product/1989-batwing-76161","en_ES","out of stock","199.99","EUR","237.65","196.40","USD","1.1883"
"76161","Finland","0.24","1989 Batwing 76161 | Batman™ | Buy online at the Official LEGO® Shop FI","BATMAN™ fans! A detailed Batwing model to build and display","https://www.lego.com/en-fi/product/1989-batwing-76161","en_FI","out of stock","199.95","EUR","237.60","191.61","USD","1.1883"
"76161","France","0.2","1989 Batwing 76161 | Batman™ | Buy online at the Official LEGO® Shop FR","BATMAN™ fans! A detailed Batwing model to build and display","https://www.lego.com/en-fr/product/1989-batwing-76161","en_FR","out of stock","199.99","EUR","237.65","198.04","USD","1.1883"
"76161","Greece","0.24","1989 Batwing 76161 | Batman™ | Buy online at the Official LEGO® Shop GR","BATMAN™ fans! A detailed Batwing model to build and display","https://www.lego.com/en-gr/product/1989-batwing-76161","en_GR","out of stock","199.99","EUR","237.65","191.65","USD","1.1883"
"76161","Hungary","0.27","1989 Batwing 76161 | Batman™ | Buy online at the Official LEGO® Shop HU","BATMAN™ fans! A detailed Batwing model to build and display","https://www.lego.com/en-hu/product/1989-batwing-76161","en_HU","out of stock","64990","HUF","216.34","170.35","USD","0.0033"
"76161","Ireland","0.23","1989 Batwing 76161 | Batman™ | Buy online at the Official LEGO® Shop IE","BATMAN™ fans! A detailed Batwing model to build and display","https://www.lego.com/en-ie/product/1989-batwing-76161","en_IE","out of stock","196.74","EUR","233.79","190.07","USD","1.1883"
"76161","Italy","0.22","1989 Batwing 76161 | Batman™ | Buy online at the Official LEGO® Shop IT","BATMAN™ fans! A detailed Batwing model to build and display","https://www.lego.com/en-it/product/1989-batwing-76161","en_IT","out of stock","199.99","EUR","237.65","194.80","USD","1.1883"
"76161","Latvia","0.21","1989 Batwing 76161 | Batman™ | Buy online at the Official LEGO® Shop LV","BATMAN™ fans! A detailed Batwing model to build and display","https://www.lego.com/en-lv/product/1989-batwing-76161","en_LV","out of stock","199.99","EUR","237.65","196.40","USD","1.1883"
"76161","Lithuania","0.21","1989 Batwing 76161 | Batman™ | Buy online at the Official LEGO® Shop LT","BATMAN™ fans! A detailed Batwing model to build and display","https://www.lego.com/en-lt/product/1989-batwing-76161","en_LT","out of stock","199.99","EUR","237.65","196.40","USD","1.1883"
"76161","Luxemburg","0.17","1989 Batwing 76161 | Batman™ | Buy online at the Official LEGO® Shop LU","BATMAN™ fans! A detailed Batwing model to build and display","https://www.lego.com/en-lu/product/1989-batwing-76161","en_LU","out of stock","199.99","EUR","237.65","203.12","USD","1.1883"
"76161","Netherlands","0.21","1989 Batwing 76161 | Batman™ | Buy online at the Official LEGO® Shop NL","BATMAN™ fans! A detailed Batwing model to build and display","https://www.lego.com/en-nl/product/1989-batwing-76161","en_NL","out of stock","199.99","EUR","237.65","196.40","USD","1.1883"
"76161","Norway","0.25","1989 Batwing 76161 | Batman™ | Buy online at the Official LEGO® Shop NO","BATMAN™ fans! A detailed Batwing model to build and display","https://www.lego.com/en-no/product/1989-batwing-76161","en_NO","out of stock","2299","NOK","255.08","204.06","USD","0.1110"
"76161","Austria","0.2","1989 Batwing 76161 | Batman™ | Buy online at the Official LEGO® Shop AT","BATMAN™ fans! A detailed Batwing model to build and display","https://www.lego.com/en-at/product/1989-batwing-76161","en_AT","out of stock","199.99","EUR","237.65","198.04","USD","1.1883"
"76161","Poland","0.23","1989 Batwing 76161 | Batman™ | Buy online at the Official LEGO® Shop PL","BATMAN™ fans! A detailed Batwing model to build and display","https://www.lego.com/en-pl/product/1989-batwing-76161","en_PL","out of stock","899.99","PLN","239.41","194.64","USD","0.2660"
"76161","Portugal","0.23","1989 Batwing 76161 | Batman™ | Buy online at the Official LEGO® Shop PT","BATMAN™ fans! A detailed Batwing model to build and display","https://www.lego.com/en-pt/product/1989-batwing-76161","en_PT","out of stock","199.99","EUR","237.65","193.21","USD","1.1883"
"76161","Switzerland","0.077","1989 Batwing 76161 | Batman™ | Buy online at the Official LEGO® Shop CH","BATMAN™ fans! A detailed Batwing model to build and display","https://www.lego.com/en-ch/product/1989-batwing-76161","en_CH","out of stock","209","CHF","230.43","213.96","USD","1.1025"
"76161","Slovenia","0.22","1989 Batwing 76161 | Batman™ | Buy online at the Official LEGO® Shop SI","BATMAN™ fans! A detailed Batwing model to build and display","https://www.lego.com/en-si/product/1989-batwing-76161","en_SI","out of stock","199.99","EUR","237.65","194.80","USD","1.1883"
"76161","Slovakia","0.2","1989 Batwing 76161 | Batman™ | Buy online at the Official LEGO® Shop SK","BATMAN™ fans! A detailed Batwing model to build and display","https://www.lego.com/en-sk/product/1989-batwing-76161","en_SK","out of stock","199.99","EUR","237.65","198.04","USD","1.1883"
"76161","Sweden","0.25","1989 Batwing 76161 | Batman™ | Buy online at the Official LEGO® Shop SE","BATMAN™ fans! A detailed Batwing model to build and display","https://www.lego.com/en-se/product/1989-batwing-76161","en_SE","out of stock","2299","SEK","267.91","214.33","USD","0.1165"
"76161","United Kingdom","0.2","1989 Batwing 76161 | Batman™ | Buy online at the Official LEGO® Shop GB","BATMAN™ fans! A detailed Batwing model to build and display","https://www.lego.com/en-gb/product/1989-batwing-76161","en_GB","out of stock","179.99","GBP","237.06","197.55","USD","1.3171"
"76161","Australia","0","1989 Batwing 76161 | Batman™ | Buy online at the Official LEGO® Shop AU","BATMAN™ fans! A detailed Batwing model to build and display","https://www.lego.com/en-au/product/1989-batwing-76161","en_AU","out of stock","299.99","AUD","219.59","219.59","USD","0.7320"
"76161","New Zealand","0","1989 Batwing 76161 | Batman™ | Buy online at the Official LEGO® Shop NZ","BATMAN™ fans! A detailed Batwing model to build and display","https://www.lego.com/en-nz/product/1989-batwing-76161","en_NZ","out of stock","349.99","NZD","239.32","239.32","USD","0.6838"
"76161","Korea","0","1989 배트윙 76161 | 배트맨™ | LEGO® Shop KR","배트맨™ 팬을 위한 정교한 조립/전시용 배트윙 모델","https://www.lego.com/ko-kr/product/1989-batwing-76161","ko_KR","in stock","259900","KRW","233.72","233.72","USD","0.0009"
